Entity,Currency,Currency Code,Numeric Code,Minor Unit,Withdrawal Date,Flag
AFGHANISTAN,Afghani,AFA,4,,2003-01,ğŸ‡¦ğŸ‡«
AFGHANISTAN,Afghani,AFN,971,2,,ğŸ‡¦ğŸ‡«
AFRICAN DEVELOPMENT BANK GROUP,ADB Unit of Account,XUA,965,-,,ğŸ’°
Ã…LAND ISLANDS,Euro,EUR,978,2,,ğŸ‡ªğŸ‡º
Ã…LAND ISLANDS,Markka,FIM,246,,2002-03,ğŸ‡«ğŸ‡®
ALBANIA,Old Lek,ALK,8,,1989-12,ğŸ‡¦ğŸ‡±
ALBANIA,Lek,ALL,8,2,,ğŸ‡¦ğŸ‡±
ALGERIA,Algerian Dinar,DZD,12,2,,ğŸ‡©ğŸ‡¿
AMERICAN SAMOA,US Dollar,USD,840,2,,ğŸ‡ºğŸ‡¸
ANDORRA,Andorran Peseta,ADP,20,,2003-07,ğŸ‡¦ğŸ‡©
ANDORRA,Spanish Peseta,ESP,724,,2002-03,ğŸ‡ªğŸ‡¸
ANDORRA,Euro,EUR,978,2,,ğŸ‡ªğŸ‡º
ANDORRA,French Franc,FRF,250,,2002-03,ğŸ‡«ğŸ‡·
ANGOLA,Kwanza,AOA,973,2,,ğŸ‡¦ğŸ‡´
ANGOLA,Kwanza,AOK,24,,1991-03,ğŸ‡¦ğŸ‡´
ANGOLA,New Kwanza,AON,24,,2000-02,ğŸ‡¦ğŸ‡´
ANGOLA,Kwanza Reajustado,AOR,982,,2000-02,ğŸ‡¦ğŸ‡´
ANGUILLA,East Caribbean Dollar,XCD,951,2,,ğŸ‡¦ğŸ‡®
ANTIGUA AND BARBUDA,East Caribbean Dollar,XCD,951,2,,ğŸ‡¦ğŸ‡¬
ARGENTINA,Austral,ARA,32,,1992-01,ğŸ‡¦ğŸ‡·
ARGENTINA,Peso Argentino,ARP,32,,1985-07,ğŸ‡¦ğŸ‡·
ARGENTINA,Argentine Peso,ARS,32,2,,ğŸ‡¦ğŸ‡·
ARGENTINA,Peso,ARY,32,,1989 to 1990,ğŸ‡¦ğŸ‡·
ARMENIA,Armenian Dram,AMD,51,2,,ğŸ‡¦ğŸ‡²
ARMENIA,Russian Ruble,RUR,810,,1994-08,ğŸ‡·ğŸ‡º
ARUBA,Aruban Florin,AWG,533,2,,ğŸ‡¦ğŸ‡¼
AUSTRALIA,Australian Dollar,AUD,36,2,,ğŸ‡¦ğŸ‡º
AUSTRIA,Schilling,ATS,40,,2002-03,ğŸ‡¦ğŸ‡¹
AUSTRIA,Euro,EUR,978,2,,ğŸ‡ªğŸ‡º
AZERBAIJAN,Azerbaijan Manat,AYM,945,,2005-10,ğŸ‡¦ğŸ‡¿
AZERBAIJAN,Azerbaijanian Manat,AZM,31,,2005-12,ğŸ‡¦ğŸ‡¿
AZERBAIJAN,Azerbaijan Manat,AZN,944,2,,ğŸ‡¦ğŸ‡¿
AZERBAIJAN,Russian Ruble,RUR,810,,1994-08,ğŸ‡·ğŸ‡º
BAHAMAS,Bahamian Dollar,BSD,44,2,,ğŸ‡§ğŸ‡¸
BAHRAIN,Bahraini Dinar,BHD,48,3,,ğŸ‡§ğŸ‡­
BANGLADESH,Taka,BDT,50,2,,ğŸ‡§ğŸ‡©
BARBADOS,Barbados Dollar,BBD,52,2,,ğŸ‡§ğŸ‡§
BELARUS,Belarusian Ruble,BYB,112,,2001-01,ğŸ‡§ğŸ‡¾
BELARUS,Belarusian Ruble,BYN,933,2,,ğŸ‡§ğŸ‡¾
BELARUS,Belarusian Ruble,BYR,974,,2017-01,ğŸ‡§ğŸ‡¾
BELARUS,Russian Ruble,RUR,810,,1994-06,ğŸ‡·ğŸ‡º
BELGIUM,Convertible Franc,BEC,993,,1990-03,ğŸ‡§ğŸ‡ª
BELGIUM,Belgian Franc,BEF,56,,2002-03,ğŸ‡§ğŸ‡ª
BELGIUM,Financial Franc,BEL,992,,1990-03,ğŸ‡§ğŸ‡ª
BELGIUM,Euro,EUR,978,2,,ğŸ‡ªğŸ‡º
BELIZE,Belize Dollar,BZD,84,2,,ğŸ‡§ğŸ‡¿
BENIN,CFA Franc BCEAO,XOF,952,0,,ğŸ‡§ğŸ‡¯
BERMUDA,Bermudian Dollar,BMD,60,2,,ğŸ‡§ğŸ‡²
BHUTAN,Ngultrum,BTN,64,2,,ğŸ‡§ğŸ‡¹
BHUTAN,Indian Rupee,INR,356,2,,ğŸ‡®ğŸ‡³
BOLIVIA,Boliviano,BOB,68,2,,ğŸ‡§ğŸ‡´
BOLIVIA,Peso boliviano,BOP,68,,1987-02,ğŸ‡§ğŸ‡´
BOLIVIA,Mvdol,BOV,984,2,,ğŸ‡§ğŸ‡´
BONAIRE,US Dollar,USD,840,2,,ğŸ‡ºğŸ‡¸
BOSNIA AND HERZEGOVINA,Dinar,BAD,70,,1998-07,ğŸ‡§ğŸ‡¦
BOSNIA AND HERZEGOVINA,Convertible Mark,BAM,977,2,,ğŸ‡§ğŸ‡¦
BOTSWANA,Pula,BWP,72,2,,ğŸ‡§ğŸ‡¼
BOUVET ISLAND,Norwegian Krone,NOK,578,2,,ğŸ‡³ğŸ‡´
BRAZIL,Cruzeiro,BRB,76,,1986-03,ğŸ‡§ğŸ‡·
BRAZIL,Cruzado,BRC,76,,1989-02,ğŸ‡§ğŸ‡·
BRAZIL,Cruzeiro,BRE,76,,1993-03,ğŸ‡§ğŸ‡·
BRAZIL,Brazilian Real,BRL,986,2,,ğŸ‡§ğŸ‡·
BRAZIL,New Cruzado,BRN,76,,1990-03,ğŸ‡§ğŸ‡·
BRAZIL,Cruzeiro Real,BRR,987,,1994-07,ğŸ‡§ğŸ‡·
BRITISH INDIAN OCEAN TERRITORY (THE),US Dollar,USD,840,2,,ğŸ‡ºğŸ‡¸
BRUNEI DARUSSALAM,Brunei Dollar,BND,96,2,,ğŸ‡§ğŸ‡³
BULGARIA,Lev A/52,BGJ,100,,1989 to 1990,ğŸ‡§ğŸ‡¬
BULGARIA,Lev A/62,BGK,100,,1989 to 1990,ğŸ‡§ğŸ‡¬
BULGARIA,Lev,BGL,100,,2003-11,ğŸ‡§ğŸ‡¬
BULGARIA,Bulgarian Lev,BGN,975,2,,ğŸ‡§ğŸ‡¬
BURKINA FASO,CFA Franc BCEAO,XOF,952,0,,ğŸ‡§ğŸ‡«
BURMA,Kyat,BUK,104,,1990-02,ğŸ‡²ğŸ‡²
BURUNDI,Burundi Franc,BIF,108,0,,ğŸ‡§ğŸ‡®
CABO VERDE,Cabo Verde Escudo,CVE,132,2,,ğŸ‡¨ğŸ‡»
CAMBODIA,Riel,KHR,116,2,,ğŸ‡°ğŸ‡­
CAMEROON,CFA Franc BEAC,XAF,950,0,,ğŸ‡¨ğŸ‡²
CANADA,Canadian Dollar,CAD,124,2,,ğŸ‡¨ğŸ‡¦
CAYMAN ISLANDS,Cayman Islands Dollar,KYD,136,2,,ğŸ‡°ğŸ‡¾
CENTRAL AFRICAN REPUBLIC,CFA Franc BEAC,XAF,950,0,,ğŸ‡¨ğŸ‡«
CHAD,CFA Franc BEAC,XAF,950,0,,ğŸ‡¹ğŸ‡©
CHILE,Unidad de Fomento,CLF,990,4,,ğŸ‡¨ğŸ‡±
CHILE,Chilean Peso,CLP,152,0,,ğŸ‡¨ğŸ‡±
CHINA,Renminbi,CNY,156,2,,ğŸ‡¨ğŸ‡³
CHRISTMAS ISLAND,Australian Dollar,AUD,36,2,,ğŸ‡¦ğŸ‡º
COCOS ISLANDS,Australian Dollar,AUD,36,2,,ğŸ‡¦ğŸ‡º
COLOMBIA,Colombian Peso,COP,170,2,,ğŸ‡¨ğŸ‡´
COLOMBIA,Unidad de Valor Real,COU,970,2,,ğŸ‡¨ğŸ‡´
COMOROS,Comorian Franc,KMF,174,0,,ğŸ‡°ğŸ‡²
COOK ISLANDS,New Zealand Dollar,NZD,554,2,,ğŸ‡³ğŸ‡¿
COSTA RICA,Costa Rican Colon,CRC,188,2,,ğŸ‡¨ğŸ‡·
CÃ”TE D'IVOIRE,CFA Franc BCEAO,XOF,952,0,,ğŸ‡¨ğŸ‡®
CROATIA,Croatian Dinar,HRD,191,,1995-01,ğŸ‡­ğŸ‡·
CROATIA,Kuna,HRK,191,2,,ğŸ‡­ğŸ‡·
CROATIA,Croatian Kuna,HRK,191,,2015-06,ğŸ‡­ğŸ‡·
CUBA,Peso Convertible,CUC,931,2,,ğŸ‡¨ğŸ‡º
CUBA,Cuban Peso,CUP,192,2,,ğŸ‡¨ğŸ‡º
CURAÃ‡AO,Netherlands Antillean Guilder,ANG,532,2,,ğŸ‡³ğŸ‡±
CYPRUS,Cyprus Pound,CYP,196,,2008-01,ğŸ‡¨ğŸ‡¾
CYPRUS,Euro,EUR,978,2,,ğŸ‡ªğŸ‡º
CZECHIA,Czech Koruna,CZK,203,2,,ğŸ‡¨ğŸ‡¿
CZECHOSLOVAKIA,Krona A/53,CSJ,203,,1989 to 1990,ğŸ‡¨ğŸ‡¿
CZECHOSLOVAKIA,Koruna,CSK,200,,1993-03,ğŸ‡¨ğŸ‡¿
DEMOCRATIC REPUBLIC OF THE CONGO,Congolese Franc,CDF,976,2,,ğŸ‡¨ğŸ‡©
DENMARK,Danish Krone,DKK,208,2,,ğŸ‡©ğŸ‡°
DJIBOUTI,Djibouti Franc,DJF,262,0,,ğŸ‡©ğŸ‡¯
DOMINICA,East Caribbean Dollar,XCD,951,2,,ğŸ‡©ğŸ‡²
DOMINICAN REPUBLIC,Dominican Peso,DOP,214,2,,ğŸ‡©ğŸ‡´
ECUADOR,Sucre,ECS,218,,2000-09,ğŸ‡ªğŸ‡¨
ECUADOR,Unidad de Valor Constante (UVC),ECV,983,,2000-09,ğŸ‡ªğŸ‡¨
ECUADOR,US Dollar,USD,840,2,,ğŸ‡ºğŸ‡¸
EGYPT,Egyptian Pound,EGP,818,2,,ğŸ‡ªğŸ‡¬
EL SALVADOR,El Salvador Colon,SVC,222,2,,ğŸ‡¸ğŸ‡»
EL SALVADOR,US Dollar,USD,840,2,,ğŸ‡ºğŸ‡¸
EQUATORIAL GUINEA,Ekwele,GQE,226,,1986-06,ğŸ‡¬ğŸ‡¶
EQUATORIAL GUINEA,CFA Franc BEAC,XAF,950,0,,ğŸ‡¬ğŸ‡¶
ERITREA,Nakfa,ERN,232,2,,ğŸ‡ªğŸ‡·
ESTONIA,Kroon,EEK,233,,2011-01,ğŸ‡ªğŸ‡ª
ESTONIA,Euro,EUR,978,2,,ğŸ‡ªğŸ‡º
ESWATINI,Lilangeni,SZL,748,2,,ğŸ‡¸ğŸ‡¿
ETHIOPIA,Ethiopian Birr,ETB,230,2,,ğŸ‡ªğŸ‡¹
EUROPEAN MONETARY CO-OPERATION FUND (EMCF),European Currency Unit (E.C.U),XEU,954,,1999-01,ğŸ‡ªğŸ‡º
EUROPEAN UNION,Euro,EUR,978,2,,ğŸ‡ªğŸ‡º
FALKLAND ISLANDS,Falkland Islands Pound,FKP,238,2,,ğŸ‡«ğŸ‡°
FAROE ISLANDS,Danish Krone,DKK,208,2,,ğŸ‡©ğŸ‡°
FIJI,Fiji Dollar,FJD,242,2,,ğŸ‡«ğŸ‡¯
FINLAND,Euro,EUR,978,2,,ğŸ‡ªğŸ‡º
FINLAND,Markka,FIM,246,,2002-03,ğŸ‡«ğŸ‡®
FRANCE,Euro,EUR,978,2,,ğŸ‡ªğŸ‡º
FRANCE,French Franc,FRF,250,,2002-03,ğŸ‡«ğŸ‡·
FRENCH GUIANA,Euro,EUR,978,2,,ğŸ‡ªğŸ‡º
FRENCH GUIANA,French Franc,FRF,250,,2002-03,ğŸ‡«ğŸ‡·
FRENCH POLYNESIA,CFP Franc,XPF,953,0,,ğŸ‡«ğŸ‡·
FRENCH SOUTHERN TERRITORIES,Euro,EUR,978,2,,ğŸ‡ªğŸ‡º
FRENCH SOUTHERN TERRITORIES,French Franc,FRF,250,,2002-03,ğŸ‡«ğŸ‡·
GABON,CFA Franc BEAC,XAF,950,0,,ğŸ‡¬ğŸ‡¦
GAMBIA,Dalasi,GMD,270,2,,ğŸ‡¬ğŸ‡²
GEORGIA,Georgian Coupon,GEK,268,,1995-10,ğŸ‡¬ğŸ‡ª
GEORGIA,Lari,GEL,981,2,,ğŸ‡¬ğŸ‡ª
GEORGIA,Russian Ruble,RUR,810,,1994-04,ğŸ‡·ğŸ‡º
GERMAN DEMOCRATIC REPUBLIC,Mark der DDR,DDM,278,,1990-07 to 1990-09,ğŸ‡©ğŸ‡ª
GERMANY,Deutsche Mark,DEM,276,,2002-03,ğŸ‡©ğŸ‡ª
GERMANY,Euro,EUR,978,2,,ğŸ‡ªğŸ‡º
GHANA,Cedi,GHC,288,,2008-01,ğŸ‡¬ğŸ‡­
GHANA,Ghana Cedi,GHP,939,,2007-06,ğŸ‡¬ğŸ‡­
GHANA,Ghana Cedi,GHS,936,2,,ğŸ‡¬ğŸ‡­
GIBRALTAR,Gibraltar Pound,GIP,292,2,,ğŸ‡¬ğŸ‡§
GREECE,Euro,EUR,978,2,,ğŸ‡ªğŸ‡º
GREECE,Drachma,GRD,300,,2002-03,ğŸ‡¬ğŸ‡·
GREENLAND,Danish Krone,DKK,208,2,,ğŸ‡©ğŸ‡°
GRENADA,East Caribbean Dollar,XCD,951,2,,ğŸ‡¬ğŸ‡©
GUADELOUPE,Euro,EUR,978,2,,ğŸ‡ªğŸ‡º
GUADELOUPE,French Franc,FRF,250,,2002-03,ğŸ‡«ğŸ‡·
GUAM,US Dollar,USD,840,2,,ğŸ‡ºğŸ‡¸
GUATEMALA,Quetzal,GTQ,320,2,,ğŸ‡¬ğŸ‡¹
GUERNSEY,Pound Sterling,GBP,826,2,,ğŸ‡¬ğŸ‡§
GUINEA,Syli,GNE,324,,1989-12,ğŸ‡¬ğŸ‡³
GUINEA,Guinean Franc,GNF,324,0,,ğŸ‡¬ğŸ‡³
GUINEA,Syli,GNS,324,,1986-02,ğŸ‡¬ğŸ‡³
GUINEA-BISSAU,Guinea Escudo,GWE,624,,1978 to 1981,ğŸ‡¬ğŸ‡¼
GUINEA-BISSAU,Guinea-Bissau Peso,GWP,624,,1997-05,ğŸ‡¬ğŸ‡¼
GUINEA-BISSAU,CFA Franc BCEAO,XOF,952,0,,ğŸ‡¬ğŸ‡¼
GUYANA,Guyana Dollar,GYD,328,2,,ğŸ‡¬ğŸ‡¾
HAITI,Gourde,HTG,332,2,,ğŸ‡­ğŸ‡¹
HAITI,US Dollar,USD,840,2,,ğŸ‡ºğŸ‡¸
HEARD ISLAND AND McDONALD ISLANDS,Australian Dollar,AUD,36,2,,ğŸ‡¦ğŸ‡º
HONDURAS,Lempira,HNL,340,2,,ğŸ‡­ğŸ‡³
HONG KONG,Hong Kong Dollar,HKD,344,2,,ğŸ‡­ğŸ‡°
HUNGARY,Forint,HUF,348,2,,ğŸ‡­ğŸ‡º
ICELAND,Old Krona,ISJ,352,,1989 to 1990,ğŸ‡®ğŸ‡¸
ICELAND,Iceland Krona,ISK,352,0,,ğŸ‡®ğŸ‡¸
INDIA,Indian Rupee,INR,356,2,,ğŸ‡®ğŸ‡³
INDONESIA,Rupiah,IDR,360,2,,ğŸ‡®ğŸ‡©
INTERNATIONAL MONETARY FUND,SDR (Special Drawing Right),XDR,960,-,,ğŸ’°
IRAN,Iranian Rial,IRR,364,2,,ğŸ‡®ğŸ‡·
IRAQ,Iraqi Dinar,IQD,368,3,,ğŸ‡®ğŸ‡¶
IRELAND,Euro,EUR,978,2,,ğŸ‡ªğŸ‡º
IRELAND,Irish Pound,IEP,372,,2002-03,ğŸ‡®ğŸ‡ª
ISLE OF MAN,Pound Sterling,GBP,826,2,,ğŸ‡¬ğŸ‡§
ISRAEL,Pound,ILP,376,,1978 to 1981,ğŸ‡®ğŸ‡±
ISRAEL,Old Shekel,ILR,376,,1989 to 1990,ğŸ‡®ğŸ‡±
ISRAEL,New Israeli Sheqel,ILS,376,2,,ğŸ‡®ğŸ‡±
ITALY,Euro,EUR,978,2,,ğŸ‡ªğŸ‡º
ITALY,Italian Lira,ITL,380,,2002-03,ğŸ‡®ğŸ‡¹
JAMAICA,Jamaican Dollar,JMD,388,2,,ğŸ‡¯ğŸ‡²
JAPAN,Yen,JPY,392,0,,ğŸ‡¯ğŸ‡µ
JERSEY,Pound Sterling,GBP,826,2,,ğŸ‡¬ğŸ‡§
JORDAN,Jordanian Dinar,JOD,400,3,,ğŸ‡¯ğŸ‡´
KAZAKHSTAN,Tenge,KZT,398,2,,ğŸ‡°ğŸ‡¿
KAZAKHSTAN,Russian Ruble,RUR,810,,1994-05,ğŸ‡·ğŸ‡º
KENYA,Kenyan Shilling,KES,404,2,,ğŸ‡°ğŸ‡ª
KIRIBATI,Australian Dollar,AUD,36,2,,ğŸ‡¦ğŸ‡º
KUWAIT,Kuwaiti Dinar,KWD,414,3,,ğŸ‡°ğŸ‡¼
KYRGYZSTAN,Som,KGS,417,2,,ğŸ‡°ğŸ‡¬
KYRGYZSTAN,Russian Ruble,RUR,810,,1993-01,ğŸ‡·ğŸ‡º
LAO,Pathet Lao Kip,LAJ,418,,1979-12,ğŸ‡±ğŸ‡¦
LAOS,Lao Kip,LAK,418,2,,ğŸ‡±ğŸ‡¦
LATVIA,Euro,EUR,978,2,,ğŸ‡ªğŸ‡º
LATVIA,Latvian Lats,LVL,428,,2014-01,ğŸ‡±ğŸ‡»
LATVIA,Latvian Ruble,LVR,428,,1994-12,ğŸ‡±ğŸ‡»
LEBANON,Lebanese Pound,LBP,422,2,,ğŸ‡±ğŸ‡§
LESOTHO,Loti,LSL,426,2,,ğŸ‡±ğŸ‡¸
LESOTHO,Loti,LSM,426,,1985-05,ğŸ‡±ğŸ‡¸
LESOTHO,Financial Rand,ZAL,991,,1995-03,ğŸ‡¿ğŸ‡¦
LESOTHO,Rand,ZAR,710,2,,ğŸ‡¿ğŸ‡¦
LIBERIA,Liberian Dollar,LRD,430,2,,ğŸ‡±ğŸ‡·
LIBYA,Libyan Dinar,LYD,434,3,,ğŸ‡±ğŸ‡¾
LIECHTENSTEIN,Swiss Franc,CHF,756,2,,ğŸ‡¨ğŸ‡­
LITHUANIA,Euro,EUR,978,2,,ğŸ‡ªğŸ‡º
LITHUANIA,Lithuanian Litas,LTL,440,,2014-12,ğŸ‡±ğŸ‡¹
LITHUANIA,Talonas,LTT,440,,1993-07,ğŸ‡±ğŸ‡¹
LUXEMBOURG,Euro,EUR,978,2,,ğŸ‡ªğŸ‡º
LUXEMBOURG,Luxembourg Convertible Franc,LUC,989,,1990-03,ğŸ‡±ğŸ‡º
LUXEMBOURG,Luxembourg Franc,LUF,442,,2002-03,ğŸ‡±ğŸ‡º
LUXEMBOURG,Luxembourg Financial Franc,LUL,988,,1990-03,ğŸ‡±ğŸ‡º
MACAO,Pataca,MOP,446,2,,ğŸ‡²ğŸ‡´
MADAGASCAR,Malagasy Ariary,MGA,969,2,,ğŸ‡²ğŸ‡¬
MADAGASCAR,Malagasy Franc,MGF,450,,2004-12,ğŸ‡²ğŸ‡¬
MALAWI,Malawi Kwacha,MWK,454,2,,ğŸ‡²ğŸ‡¼
MALAWI,Kwacha,MWK,454,,2016-02,ğŸ‡²ğŸ‡¼
MALAYSIA,Malaysian Ringgit,MYR,458,2,,ğŸ‡²ğŸ‡¾
MALDIVES,Maldive Rupee,MVQ,462,,1989-12,ğŸ‡²ğŸ‡»
MALDIVES,Rufiyaa,MVR,462,2,,ğŸ‡²ğŸ‡»
MALI,Mali Franc,MLF,466,,1984-11,ğŸ‡²ğŸ‡±
MALI,CFA Franc BCEAO,XOF,952,0,,ğŸ‡²ğŸ‡±
MALTA,Euro,EUR,978,2,,ğŸ‡ªğŸ‡º
MALTA,Maltese Lira,MTL,470,,2008-01,ğŸ‡²ğŸ‡¹
MALTA,Maltese Pound,MTP,470,,1983-06,ğŸ‡²ğŸ‡¹
MARSHALL ISLANDS,US Dollar,USD,840,2,,ğŸ‡ºğŸ‡¸
MARTINIQUE,Euro,EUR,978,2,,ğŸ‡ªğŸ‡º
MARTINIQUE,French Franc,FRF,250,,2002-03,ğŸ‡«ğŸ‡·
MAURITANIA,Ouguiya,MRO,478,,2017-12,ğŸ‡²ğŸ‡·
MAURITANIA,Ouguiya,MRU,929,2,,ğŸ‡²ğŸ‡·
MAURITIUS,Mauritius Rupee,MUR,480,2,,ğŸ‡²ğŸ‡º
MAYOTTE,Euro,EUR,978,2,,ğŸ‡ªğŸ‡º
MAYOTTE,French Franc,FRF,250,,2002-03,ğŸ‡«ğŸ‡·
MEXICO,Mexican Peso,MXN,484,2,,ğŸ‡²ğŸ‡½
MEXICO,Mexican Peso,MXP,484,,1993-01,ğŸ‡²ğŸ‡½
MEXICO,Mexican Unidad de Inversion (UDI),MXV,979,2,,ğŸ‡²ğŸ‡½
MICRONESIA,US Dollar,USD,840,2,,ğŸ‡ºğŸ‡¸
MOLDOVA,Moldovan Leu,MDL,498,2,,ğŸ‡²ğŸ‡©
MOLDOVA,Russian Ruble,RUR,810,,1993-12,ğŸ‡·ğŸ‡º
MONACO,Euro,EUR,978,2,,ğŸ‡ªğŸ‡º
MONACO,French Franc,FRF,250,,2002-03,ğŸ‡«ğŸ‡·
MONGOLIA,Tugrik,MNT,496,2,,ğŸ‡²ğŸ‡³
MONTENEGRO,Euro,EUR,978,2,,ğŸ‡ªğŸ‡º
MONTSERRAT,East Caribbean Dollar,XCD,951,2,,ğŸ‡²ğŸ‡¸
MOROCCO,Moroccan Dirham,MAD,504,2,,ğŸ‡²ğŸ‡¦
MOZAMBIQUE,Mozambique Escudo,MZE,508,,1978 to 1981,ğŸ‡²ğŸ‡¿
MOZAMBIQUE,Mozambique Metical,MZM,508,,2006-06,ğŸ‡²ğŸ‡¿
MOZAMBIQUE,Mozambique Metical,MZN,943,2,,ğŸ‡²ğŸ‡¿
MYANMAR,Kyat,MMK,104,2,,ğŸ‡²ğŸ‡²
NAMIBIA,Namibia Dollar,NAD,516,2,,ğŸ‡³ğŸ‡¦
NAMIBIA,Rand,ZAR,710,2,,ğŸ‡¿ğŸ‡¦
NAURU,Australian Dollar,AUD,36,2,,ğŸ‡¦ğŸ‡º
NEPAL,Nepalese Rupee,NPR,524,2,,ğŸ‡³ğŸ‡µ
NETHERLANDS,Euro,EUR,978,2,,ğŸ‡ªğŸ‡º
NETHERLANDS,Netherlands Guilder,NLG,528,,2002-03,ğŸ‡³ğŸ‡±
NETHERLANDS ANTILLES,Netherlands Antillean Guilder,ANG,532,,2010-10,ğŸ‡³ğŸ‡±
NEW CALEDONIA,CFP Franc,XPF,953,0,,ğŸ‡«ğŸ‡·
NEW ZEALAND,New Zealand Dollar,NZD,554,2,,ğŸ‡³ğŸ‡¿
NICARAGUA,Cordoba,NIC,558,,1990-10,ğŸ‡³ğŸ‡®
NICARAGUA,Cordoba Oro,NIO,558,2,,ğŸ‡³ğŸ‡®
NIGER,CFA Franc BCEAO,XOF,952,0,,ğŸ‡³ğŸ‡ª
NIGERIA,Naira,NGN,566,2,,ğŸ‡³ğŸ‡¬
NIUE,New Zealand Dollar,NZD,554,2,,ğŸ‡³ğŸ‡¿
NORFOLK ISLAND,Australian Dollar,AUD,36,2,,ğŸ‡¦ğŸ‡º
NORTH KOREA,North Korean Won,KPW,408,2,,ğŸ‡°ğŸ‡µ
NORTH MACEDONIA,Denar,MKD,807,2,,ğŸ‡²ğŸ‡°
NORTHERN MARIANA ISLANDS,US Dollar,USD,840,2,,ğŸ‡ºğŸ‡¸
NORWAY,Norwegian Krone,NOK,578,2,,ğŸ‡³ğŸ‡´
OMAN,Rial Omani,OMR,512,3,,ğŸ‡´ğŸ‡²
PAKISTAN,Pakistan Rupee,PKR,586,2,,ğŸ‡µğŸ‡°
PALAU,US Dollar,USD,840,2,,ğŸ‡ºğŸ‡¸
PANAMA,Balboa,PAB,590,2,,ğŸ‡µğŸ‡¦
PANAMA,US Dollar,USD,840,2,,ğŸ‡ºğŸ‡¸
PAPUA NEW GUINEA,Kina,PGK,598,2,,ğŸ‡µğŸ‡¬
PARAGUAY,Guarani,PYG,600,0,,ğŸ‡µğŸ‡¾
PERU,Sol,PEH,604,,1989 to 1990,ğŸ‡µğŸ‡ª
PERU,Inti,PEI,604,,1991-07,ğŸ‡µğŸ‡ª
PERU,Sol,PEN,604,2,,ğŸ‡µğŸ‡ª
PERU,Nuevo Sol ,PEN,604,,2015-12,ğŸ‡µğŸ‡ª
PERU,Sol,PES,604,,1986-02,ğŸ‡µğŸ‡ª
PHILIPPINES,Philippine Peso,PHP,608,2,,ğŸ‡µğŸ‡­
PITCAIRN,New Zealand Dollar,NZD,554,2,,ğŸ‡³ğŸ‡¿
POLAND,ZÅ‚oty,PLN,985,2,,ğŸ‡µğŸ‡±
POLAND,ZÅ‚oty,PLZ,616,,1997-01,ğŸ‡µğŸ‡±
PORTUGAL,Euro,EUR,978,2,,ğŸ‡ªğŸ‡º
PORTUGAL,Portuguese Escudo,PTE,620,,2002-03,ğŸ‡µğŸ‡¹
PUERTO RICO,US Dollar,USD,840,2,,ğŸ‡ºğŸ‡¸
QATAR,Qatari Rial,QAR,634,2,,ğŸ‡¶ğŸ‡¦
REPUBLIC OF CONGO,CFA Franc BEAC,XAF,950,0,,ğŸ‡¨ğŸ‡¬
RÃ‰UNION,Euro,EUR,978,2,,ğŸ‡ªğŸ‡º
RÃ‰UNION,French Franc,FRF,250,,2002-03,ğŸ‡«ğŸ‡·
ROMANIA,Leu A/52,ROK,642,,1989 to 1990,ğŸ‡·ğŸ‡´
ROMANIA,Old Leu,ROL,642,,2005-06,ğŸ‡·ğŸ‡´
ROMANIA,Romanian Leu,RON,946,2,,ğŸ‡·ğŸ‡´
ROMANIA,New Romanian Leu ,RON,946,,2015-06,ğŸ‡·ğŸ‡´
RUSSIAN FEDERATION,Russian Ruble,RUB,643,2,,ğŸ‡·ğŸ‡º
RUSSIAN FEDERATION,Russian Ruble,RUR,810,,2004-01,ğŸ‡·ğŸ‡º
RWANDA,Rwanda Franc,RWF,646,0,,ğŸ‡·ğŸ‡¼
SAINT BARTHÃ‰LEMY,Euro,EUR,978,2,,ğŸ‡ªğŸ‡º
SAINT HELENA,Saint Helena Pound,SHP,654,2,,ğŸ‡¸ğŸ‡­
SAINT KITTS AND NEVIS,East Caribbean Dollar,XCD,951,2,,ğŸ‡°ğŸ‡³
SAINT LUCIA,East Caribbean Dollar,XCD,951,2,,ğŸ‡±ğŸ‡¨
SAINT MARTIN,French Franc,FRF,250,,1999-01,ğŸ‡«ğŸ‡·
SAINT MARTIN (FRENCH PART),Euro,EUR,978,2,,ğŸ‡ªğŸ‡º
SAINT PIERRE AND MIQUELON,Euro,EUR,978,2,,ğŸ‡ªğŸ‡º
SAINT PIERRE AND MIQUELON,French Franc,FRF,250,,2002-03,ğŸ‡«ğŸ‡·
SAINT VINCENT AND THE GRENADINES,East Caribbean Dollar,XCD,951,2,,ğŸ‡»ğŸ‡¨
SAINT-BARTHÃ‰LEMY,French Franc,FRF,250,,1999-01,ğŸ‡«ğŸ‡·
SAMOA,Tala,WST,882,2,,ğŸ‡¼ğŸ‡¸
SAN MARINO,Euro,EUR,978,2,,ğŸ‡ªğŸ‡º
SAN MARINO,Italian Lira,ITL,380,,2002-03,ğŸ‡®ğŸ‡¹
SAO TOME AND PRINCIPE,Dobra,STD,678,,2017-12,ğŸ‡¸ğŸ‡¹
SAO TOME AND PRINCIPE,Dobra,STN,930,2,,ğŸ‡¸ğŸ‡¹
SAUDI ARABIA,Saudi Riyal,SAR,682,2,,ğŸ‡¸ğŸ‡¦
SENEGAL,CFA Franc BCEAO,XOF,952,0,,ğŸ‡¸ğŸ‡³
SERBIA,Serbian Dinar,RSD,941,2,,ğŸ‡·ğŸ‡¸
SERBIA AND MONTENEGRO,Serbian Dinar,CSD,891,,2006-10,ğŸ‡·ğŸ‡¸
SERBIA AND MONTENEGRO,Euro,EUR,978,,2006-10,ğŸ‡ªğŸ‡º
SEYCHELLES,Seychelles Rupee,SCR,690,2,,ğŸ‡¸ğŸ‡¨
SIERRA LEONE,Leone,SLL,694,2,,ğŸ‡¸ğŸ‡±
SINGAPORE,Singapore Dollar,SGD,702,2,,ğŸ‡¸ğŸ‡¬
SINT MAARTEN (DUTCH PART),Netherlands Antillean Guilder,ANG,532,2,,ğŸ‡³ğŸ‡±
"SISTEMA UNITARIO DE COMPENSACION REGIONAL DE PAGOS ""SUCRE""",Sucre,XSU,994,-,,ğŸ’°
SLOVAKIA,Euro,EUR,978,2,,ğŸ‡ªğŸ‡º
SLOVAKIA,Slovak Koruna,SKK,703,,2009-01,ğŸ‡¸ğŸ‡°
SLOVENIA,Euro,EUR,978,2,,ğŸ‡ªğŸ‡º
SLOVENIA,Tolar,SIT,705,,2007-01,ğŸ‡¸ğŸ‡®
SOLOMON ISLANDS,Solomon Islands Dollar,SBD,90,2,,ğŸ‡¸ğŸ‡§
SOMALIA,Somali Shilling,SOS,706,2,,ğŸ‡¸ğŸ‡´
SOUTH AFRICA,Financial Rand,ZAL,991,,1995-03,ğŸ‡¿ğŸ‡¦
SOUTH AFRICA,Rand,ZAR,710,2,,ğŸ‡¿ğŸ‡¦
SOUTH KOREA,Korean Republic Won,KRW,410,0,,ğŸ‡°ğŸ‡·
SOUTH SUDAN,Sudanese Pound,SDG,938,,2012-09,ğŸ‡¸ğŸ‡¸
SOUTH SUDAN,South Sudanese Pound,SSP,728,2,,ğŸ‡¸ğŸ‡¸
SOUTHERN RHODESIA,Rhodesian Dollar,RHD,716,,1978 to 1981,ğŸ‡¿ğŸ‡¼
SPAIN,Spanish Peseta,ESA,996,,1978 to 1981,ğŸ‡ªğŸ‡¸
SPAIN,A Account (convertible Peseta Account),ESB,995,,1994-12,ğŸ‡ªğŸ‡¸
SPAIN,Spanish Peseta,ESP,724,,2002-03,ğŸ‡ªğŸ‡¸
SPAIN,Euro,EUR,978,2,,ğŸ‡ªğŸ‡º
SRI LANKA,Sri Lanka Rupee,LKR,144,2,,ğŸ‡±ğŸ‡°
SUDAN,Sudanese Dinar,SDD,736,,2007-07,ğŸ‡¸ğŸ‡©
SUDAN,Sudanese Pound,SDG,938,2,,ğŸ‡¸ğŸ‡©
SUDAN,Sudanese Pound,SDP,736,,1998-06,ğŸ‡¸ğŸ‡©
SURINAME,Surinam Dollar,SRD,968,2,,ğŸ‡¸ğŸ‡·
SURINAME,Surinam Guilder,SRG,740,,2003-12,ğŸ‡¸ğŸ‡·
SVALBARD AND JAN MAYEN,Norwegian Krone,NOK,578,2,,ğŸ‡³ğŸ‡´
SWAZILAND,Lilangeni,SZL,748,,2018-08,ğŸ‡¸ğŸ‡¿
SWEDEN,Swedish Krona,SEK,752,2,,ğŸ‡¸ğŸ‡ª
SWITZERLAND,WIR Franc (for electronic),CHC,948,,2004-11,ğŸ‡¨ğŸ‡­
SWITZERLAND,WIR Euro,CHE,947,2,,ğŸ‡ªğŸ‡º
SWITZERLAND,Swiss Franc,CHF,756,2,,ğŸ‡¨ğŸ‡­
SWITZERLAND,WIR Franc,CHW,948,2,,ğŸ‡¨ğŸ‡­
SYRIAN ARAB REPUBLIC,Syrian Pound,SYP,760,2,,ğŸ‡¸ğŸ‡¾
TAIWAN,New Taiwan Dollar,NTD,901,2,,ğŸ‡¹ğŸ‡¼
TAIWAN,New Taiwan Dollar,TWD,901,2,,ğŸ‡¹ğŸ‡¼
TAJIKISTAN,Russian Ruble,RUR,810,,1995-05,ğŸ‡·ğŸ‡º
TAJIKISTAN,Tajik Ruble,TJR,762,,2001-04,ğŸ‡¹ğŸ‡¯
TAJIKISTAN,Somoni,TJS,972,2,,ğŸ‡¹ğŸ‡¯
TANZANIA,Tanzanian Shilling,TZS,834,2,,ğŸ‡¹ğŸ‡¿
THAILAND,Baht,THB,764,2,,ğŸ‡¹ğŸ‡­
TIMOR-LESTE,Rupiah,IDR,360,,2002-07,ğŸ‡®ğŸ‡©
TIMOR-LESTE,Timor Escudo,TPE,626,,2002-11,ğŸ‡¹ğŸ‡±
TIMOR-LESTE,US Dollar,USD,840,2,,ğŸ‡ºğŸ‡¸
TOGO,CFA Franc BCEAO,XOF,952,0,,ğŸ‡¹ğŸ‡¬
TOKELAU,New Zealand Dollar,NZD,554,2,,ğŸ‡³ğŸ‡¿
TONGA,Pa'anga,TOP,776,2,,ğŸ‡¹ğŸ‡´
TRINIDAD AND TOBAGO,Trinidad and Tobago Dollar,TTD,780,2,,ğŸ‡¹ğŸ‡¹
TUNISIA,Tunisian Dinar,TND,788,3,,ğŸ‡¹ğŸ‡³
TURKEY,Old Turkish Lira,TRL,792,,2005-12,ğŸ‡¹ğŸ‡·
TURKEY,Turkish Lira,TRY,949,2,,ğŸ‡¹ğŸ‡·
TURKEY,New Turkish Lira,TRY,949,,2009-01,ğŸ‡¹ğŸ‡·
TURKMENISTAN,Russian Ruble,RUR,810,,1993-10,ğŸ‡·ğŸ‡º
TURKMENISTAN,Turkmenistan Manat,TMM,795,,2009-01,ğŸ‡¹ğŸ‡²
TURKMENISTAN,Turkmenistan New Manat,TMT,934,2,,ğŸ‡¹ğŸ‡²
TURKS AND CAICOS ISLANDS (THE),US Dollar,USD,840,2,,ğŸ‡ºğŸ‡¸
TUVALU,Australian Dollar,AUD,36,2,,ğŸ‡¦ğŸ‡º
UGANDA,Uganda Shilling,UGS,800,,1987-05,ğŸ‡ºğŸ‡¬
UGANDA,Old Shilling,UGW,800,,1989 to 1990,ğŸ‡ºğŸ‡¬
UGANDA,Uganda Shilling,UGX,800,0,,ğŸ‡ºğŸ‡¬
UKRAINE,Hryvnia,UAH,980,2,,ğŸ‡ºğŸ‡¦
UKRAINE,Karbovanet,UAK,804,,1996-09,ğŸ‡ºğŸ‡¦
UNION OF SOVIET SOCIALIST REPUBLICS,Rouble,SUR,810,,1990-12,ğŸ‡·ğŸ‡º
UNITED ARAB EMIRATES,UAE Dirham,AED,784,2,,ğŸ‡¦ğŸ‡ª
UNITED KINGDOM,Pound Sterling,GBP,826,2,,ğŸ‡¬ğŸ‡§
UNITED STATES,US Dollar (Same day),USS,998,,2014-03,ğŸ‡ºğŸ‡¸
UNITED STATES MINOR OUTLYING ISLANDS,US Dollar,USD,840,2,,ğŸ‡ºğŸ‡¸
UNITED STATES OF AMERICA,US Dollar,USD,840,2,,ğŸ‡ºğŸ‡¸
UNITED STATES OF AMERICA,US Dollar (Next day),USN,997,2,,ğŸ‡ºğŸ‡¸
URUGUAY,Uruguay Peso en Unidades Indexadas (UI),UYI,940,0,,ğŸ‡ºğŸ‡¾
URUGUAY,Old Uruguay Peso,UYN,858,,1989-12,ğŸ‡ºğŸ‡¾
URUGUAY,Uruguayan Peso,UYP,858,,1993-03,ğŸ‡ºğŸ‡¾
URUGUAY,Peso Uruguayo,UYU,858,2,,ğŸ‡ºğŸ‡¾
URUGUAY,Unidad Previsional,UYW,927,4,,ğŸ‡ºğŸ‡¾
UZBEKISTAN,Russian Ruble,RUR,810,,1994-07,ğŸ‡·ğŸ‡º
UZBEKISTAN,Uzbekistan Sum,UZS,860,2,,ğŸ‡ºğŸ‡¿
VANUATU,Vatu,VUV,548,0,,ğŸ‡»ğŸ‡º
VATICAN CITY,Euro,EUR,978,2,,ğŸ‡ªğŸ‡º
VATICAN CITY,Italian Lira,ITL,380,,2002-03,ğŸ‡®ğŸ‡¹
VENEZUELA,Bolivar,VEB,862,,2008-01,ğŸ‡»ğŸ‡ª
VENEZUELA,Bolivar Fuerte,VEF,937,,2011-12,ğŸ‡»ğŸ‡ª
VENEZUELA,BolÃ­var Soberano,VES,928,2,,ğŸ‡»ğŸ‡ª
VENEZUELA (BOLIVARIAN REPUBLIC OF),Bolivar,VEF,937,,2016-02,ğŸ‡»ğŸ‡ª
VENEZUELA (BOLIVARIAN REPUBLIC OF),BolÃ­var,VEF,937,,2018-08,ğŸ‡»ğŸ‡ª
VIETNAM,Old Dong,VNC,704,,1989-1990,ğŸ‡»ğŸ‡³
VIETNAM,Dong,VND,704,0,,ğŸ‡»ğŸ‡³
VIRGIN ISLANDS,US Dollar,USD,840,2,,ğŸ‡ºğŸ‡¸
WALLIS AND FUTUNA,CFP Franc,XPF,953,0,,ğŸ‡«ğŸ‡·
WESTERN SAHARA,Moroccan Dirham,MAD,504,2,,ğŸ‡²ğŸ‡¦
YEMEN,Yemeni Dinar,YDD,720,,1991-09,ğŸ‡¾ğŸ‡ª
YEMEN,Yemeni Rial,YER,886,2,,ğŸ‡¾ğŸ‡ª
YUGOSLAVIA,New Yugoslavian Dinar,YUD,890,,1990-01,ğŸ‡·ğŸ‡¸
YUGOSLAVIA,New Dinar,YUM,891,,2003-07,ğŸ‡·ğŸ‡¸
YUGOSLAVIA,Yugoslavian Dinar,YUN,890,,1995-11,ğŸ‡·ğŸ‡¸
ZAIRE,New Zaire,ZRN,180,,1999-06,ğŸ‡¨ğŸ‡©
ZAIRE,Zaire,ZRZ,180,,1994-02,ğŸ‡¨ğŸ‡©
ZAMBIA,Zambian Kwacha,ZMK,894,,2012-12,ğŸ‡¿ğŸ‡²
ZAMBIA,Zambian Kwacha,ZMW,967,2,,ğŸ‡¿ğŸ‡²
ZIMBABWE,Rhodesian Dollar,ZWC,716,,1989-12,ğŸ‡¿ğŸ‡¼
ZIMBABWE,Zimbabwe Dollar (old),ZWD,716,,2006-08,ğŸ‡¿ğŸ‡¼
ZIMBABWE,Zimbabwe Dollar,ZWD,716,,2008-08,ğŸ‡¿ğŸ‡¼
ZIMBABWE,Zimbabwe Dollar,ZWL,932,2,,ğŸ‡¿ğŸ‡¼
ZIMBABWE,Zimbabwe Dollar (new),ZWN,942,,2006-09,ğŸ‡¿ğŸ‡¼
ZIMBABWE,Zimbabwe Dollar,ZWR,935,,2009-06,ğŸ‡¿ğŸ‡¼
ZZ01_Bond Markets Unit European_EURCO,Bond Markets Unit European Composite Unit (EURCO),XBA,955,-,,ğŸ‡ªğŸ‡º
ZZ01_Gold-Franc,Gold-Franc,XFO,,,2006-10,ğŸ¥‡
ZZ02_Bond Markets Unit European_EMU-6,Bond Markets Unit European Monetary Unit (E.M.U.-6),XBB,956,-,,ğŸ‡ªğŸ‡º
ZZ02_RINET Funds Code,RINET Funds Code,XRE,,,1999-11,ğŸ’°
ZZ03_Bond Markets Unit European_EUA-9,Bond Markets Unit European Unit of Account 9 (E.U.A.-9),XBC,957,-,,ğŸ‡ªğŸ‡º
ZZ04_Bond Markets Unit European_EUA-17,Bond Markets Unit European Unit of Account 17 (E.U.A.-17),XBD,958,-,,ğŸ‡ªğŸ‡º
ZZ05_UIC-Franc,UIC-Franc,XFU,,,2013-11,ğŸ’°
ZZ06_Testing_Code,Codes specifically reserved for testing purposes,XTS,963,-,,ğŸ’°
ZZ07_No_Currency,The codes assigned for transactions where no currency is involved,XXX,999,-,,ğŸ’°
ZZ08_Gold,Gold,XAU,959,-,,ğŸ¥‡
ZZ09_Palladium,Palladium,XPD,964,-,,ğŸ’°
ZZ10_Platinum,Platinum,XPT,962,-,,ğŸ’°
ZZ11_Silver,Silver,XAG,961,-,,ğŸ¥ˆ